[
{
  "model": "music.album",
  "pk": 2,
  "fields": {
    "title": "Lungu Boy",
    "artist": "Asake",
    "release_date": "2024-12-25",
    "album_description": "Lungu Boy keeps the faith but explores new sounds, becoming Asake's most rhythmically and emotionally diverse album yet, with some experiments more successful than others.",
    "album_cover": "album_cover/IMG_6207-557x540-1.jpeg"
  }
},
{
  "model": "music.album",
  "pk": 3,
  "fields": {
    "title": "Loseyi Proffesor",
    "artist": "Seyi Vibez",
    "release_date": "2024-07-12",
    "album_description": "Loseyi Professor is a bold experiment for Seyi Vibez, as he ventures into the realm of Afrobeats while incorporating more English lyrics to appeal to a broader audience.",
    "album_cover": "album_cover/prof.jpg"
  }
},
{
  "model": "music.album",
  "pk": 4,
  "fields": {
    "title": "Ikigai",
    "artist": "Olamide",
    "release_date": "2024-06-26",
    "album_description": "The EP's title, derived from the Japanese word ikigai, meaning “a reason for living”, suggests a deep introspection into Olamide's artistic and personal motivations.",
    "album_cover": "album_cover/ikigai.jpeg"
  }
},
{
  "model": "music.playlist",
  "pk": 1,
  "fields": {
    "name": "workout mix",
    "created_date": "2024-12-25",
    "playlist_cover": "",
    "user": 1
  }
},
{
  "model": "music.song",
  "pk": 1,
  "fields": {
    "song_name": "Start",
    "artist": "Asake",
    "duration": "00:01:21",
    "release_date": "2024-12-26",
    "song_url": "songs/Asake_-_Start.mp3",
    "cover_image": "songs_cover/film.png",
    "album": 2,
    "playlist": [
      1
    ]
  }
},
{
  "model": "music.song",
  "pk": 2,
  "fields": {
    "song_name": "Mood",
    "artist": "Asake",
    "duration": "00:02:51",
    "release_date": "2024-12-25",
    "song_url": "songs/Asake_-_Mood.mp3",
    "cover_image": "images.jpeg",
    "album": 2,
    "playlist": [
      1
    ]
  }
},
{
  "model": "music.song",
  "pk": 3,
  "fields": {
    "song_name": "Fuji vibe",
    "artist": "Asake",
    "duration": "00:05:22",
    "release_date": "2024-12-25",
    "song_url": "songs/Asake_-_Fuji_Vibe.mp3",
    "cover_image": "images_zgWd4Gr.jpeg",
    "album": 2,
    "playlist": []
  }
},
{
  "model": "music.song",
  "pk": 4,
  "fields": {
    "song_name": "Skating",
    "artist": "Asake",
    "duration": "00:02:57",
    "release_date": "2024-12-25",
    "song_url": "songs/Asake_-_Skating.mp3",
    "cover_image": "images_YoTY0yl.jpeg",
    "album": 2,
    "playlist": []
  }
},
{
  "model": "music.song",
  "pk": 5,
  "fields": {
    "song_name": "Worldwide",
    "artist": "Asake",
    "duration": "00:03:03",
    "release_date": "2024-12-25",
    "song_url": "songs/Asake_-_Worldwide.mp3",
    "cover_image": "images_gMHrvhQ.jpeg",
    "album": 2,
    "playlist": []
  }
},
{
  "model": "music.song",
  "pk": 6,
  "fields": {
    "song_name": "MMS",
    "artist": "Asake ft Wizkid",
    "duration": "00:03:39",
    "release_date": "2024-12-25",
    "song_url": "songs/Asake_Ft_Wizkid_-_MMS.mp3",
    "cover_image": "images_mWvJxCl.jpeg",
    "album": 2,
    "playlist": []
  }
},
{
  "model": "music.song",
  "pk": 7,
  "fields": {
    "song_name": "Uptown_Disco",
    "artist": "Olamide_Ft_Fireboy_DML_Asake",
    "duration": "00:04:00",
    "release_date": "2024-06-24",
    "song_url": "songs/Olamide_Ft_Fireboy_DML_Asake_-_Uptown_Disco.mp3",
    "cover_image": "ikigai.jpeg",
    "album": 4,
    "playlist": []
  }
},
{
  "model": "music.song",
  "pk": 8,
  "fields": {
    "song_name": "Hello_Habibi",
    "artist": "Olamide",
    "duration": "00:02:16",
    "release_date": "2024-06-13",
    "song_url": "songs/Olamide_-_Hello_Habibi.mp3",
    "cover_image": "ikigai_VemZEjz.jpeg",
    "album": 4,
    "playlist": []
  }
},
{
  "model": "music.song",
  "pk": 9,
  "fields": {
    "song_name": "Metaverse",
    "artist": "Olamide",
    "duration": "00:03:00",
    "release_date": "2024-06-13",
    "song_url": "songs/Olamide_-_Metaverse.mp3",
    "cover_image": "ikigai_SpV0YZi.jpeg",
    "album": 4,
    "playlist": []
  }
},
{
  "model": "music.song",
  "pk": 10,
  "fields": {
    "song_name": "Morowore",
    "artist": "Olamide",
    "duration": "00:03:28",
    "release_date": "2024-07-10",
    "song_url": "songs/Olamide_-_Morowore.mp3",
    "cover_image": "ikigai_WFTxWZt.jpeg",
    "album": 4,
    "playlist": []
  }
},
{
  "model": "music.song",
  "pk": 11,
  "fields": {
    "song_name": "Albert_Einstein",
    "artist": "Seyi Vibez",
    "duration": "00:02:38",
    "release_date": "2024-07-12",
    "song_url": "songs/Seyi_Vibez_-_Albert_Einstein.mp3",
    "cover_image": "prof.jpg",
    "album": 3,
    "playlist": []
  }
},
{
  "model": "music.song",
  "pk": 12,
  "fields": {
    "song_name": "Lagos",
    "artist": "Seyi Vibez",
    "duration": "00:02:25",
    "release_date": "2024-07-12",
    "song_url": "songs/Seyi_Vibez_-_Lagos.mp3",
    "cover_image": "prof_CzTmmBk.jpg",
    "album": 3,
    "playlist": []
  }
},
{
  "model": "music.song",
  "pk": 13,
  "fields": {
    "song_name": "Manchester",
    "artist": "Seyi Vibez",
    "duration": "00:02:30",
    "release_date": "2024-07-12",
    "song_url": "songs/Seyi_Vibez_-_Manchester.mp3",
    "cover_image": "prof_UsvYxPy.jpg",
    "album": 3,
    "playlist": []
  }
},
{
  "model": "music.song",
  "pk": 14,
  "fields": {
    "song_name": "Suru",
    "artist": "Asake_ft_stormzy",
    "duration": "00:03:40",
    "release_date": "2024-12-25",
    "song_url": "songs/Asake_Ft_Stormzy_-_Suru.mp3",
    "cover_image": "images.jpeg",
    "album": 2,
    "playlist": []
  }
},
{
  "model": "music.song",
  "pk": 16,
  "fields": {
    "song_name": "wave",
    "artist": "Asake_ft_c....",
    "duration": "00:03:25",
    "release_date": "2024-12-25",
    "song_url": "songs/Asake_Ft_Central_Cee_-_Wave.mp3",
    "cover_image": "images_lXqJ5LM.jpeg",
    "album": 2,
    "playlist": []
  }
},
{
  "model": "music.songlike",
  "pk": 1,
  "fields": {
    "user": 1,
    "song": 3
  }
},
{
  "model": "music.songlike",
  "pk": 2,
  "fields": {
    "user": 2,
    "song": 3
  }
},
{
  "model": "music.songlike",
  "pk": 3,
  "fields": {
    "user": 1,
    "song": 12
  }
},
{
  "model": "music.songlike",
  "pk": 4,
  "fields": {
    "user": 1,
    "song": 8
  }
},
{
  "model": "music.songlike",
  "pk": 5,
  "fields": {
    "user": 1,
    "song": 4
  }
},
{
  "model": "music.albumlike",
  "pk": 1,
  "fields": {
    "user": 1,
    "album": 2
  }
},
{
  "model": "music.albumlike",
  "pk": 2,
  "fields": {
    "user": 2,
    "album": 2
  }
},
{
  "model": "music.albumlike",
  "pk": 3,
  "fields": {
    "user": 3,
    "album": 2
  }
},
{
  "model": "music.albumlike",
  "pk": 4,
  "fields": {
    "user": 1,
    "album": 4
  }
},
{
  "model": "music.albumlike",
  "pk": 5,
  "fields": {
    "user": 3,
    "album": 4
  }
},
{
  "model": "music.albumlike",
  "pk": 6,
  "fields": {
    "user": 2,
    "album": 4
  }
},
{
  "model": "music.collection",
  "pk": 1,
  "fields": {
    "user": 1,
    "album": 2
  }
},
{
  "model": "music.collection",
  "pk": 2,
  "fields": {
    "user": 1,
    "album": 4
  }
},
{
  "model": "music.collection",
  "pk": 3,
  "fields": {
    "user": 1,
    "album": 3
  }
},
{
  "model": "music.collection",
  "pk": 4,
  "fields": {
    "user": 2,
    "album": 2
  }
},
{
  "model": "music.collection",
  "pk": 5,
  "fields": {
    "user": 2,
    "album": 4
  }
},
{
  "model": "music.collection",
  "pk": 6,
  "fields": {
    "user": 3,
    "album": 4
  }
},
{
  "model": "music.collection",
  "pk": 8,
  "fields": {
    "user": 4,
    "album": 2
  }
},
{
  "model": "music.collection",
  "pk": 9,
  "fields": {
    "user": 4,
    "album": 3
  }
},
{
  "model": "admin.logentry",
  "pk": 1,
  "fields": {
    "action_time": "2024-09-28T09:45:49.911Z",
    "user": 1,
    "content_type": 11,
    "object_id": "1",
    "object_repr": "Album object (1)",
    "action_flag": 1,
    "change_message": "[{\"added\": {}}]"
  }
},
{
  "model": "admin.logentry",
  "pk": 2,
  "fields": {
    "action_time": "2024-09-28T09:46:38.303Z",
    "user": 1,
    "content_type": 7,
    "object_id": "1",
    "object_repr": "Song object (1)",
    "action_flag": 1,
    "change_message": "[{\"added\": {}}]"
  }
},
{
  "model": "admin.logentry",
  "pk": 3,
  "fields": {
    "action_time": "2024-09-28T09:47:50.440Z",
    "user": 1,
    "content_type": 7,
    "object_id": "1",
    "object_repr": "Song object (1)",
    "action_flag": 2,
    "change_message": "[]"
  }
},
{
  "model": "admin.logentry",
  "pk": 4,
  "fields": {
    "action_time": "2024-09-28T17:39:54.791Z",
    "user": 1,
    "content_type": 7,
    "object_id": "1",
    "object_repr": "Start",
    "action_flag": 2,
    "change_message": "[{\"changed\": {\"fields\": [\"Song url\"]}}]"
  }
},
{
  "model": "admin.logentry",
  "pk": 5,
  "fields": {
    "action_time": "2024-10-08T17:53:49.277Z",
    "user": 1,
    "content_type": 7,
    "object_id": "2",
    "object_repr": "Mood",
    "action_flag": 1,
    "change_message": "[{\"added\": {}}]"
  }
},
{
  "model": "admin.logentry",
  "pk": 6,
  "fields": {
    "action_time": "2024-10-16T09:55:45.700Z",
    "user": 1,
    "content_type": 7,
    "object_id": "2",
    "object_repr": "Mood",
    "action_flag": 2,
    "change_message": "[{\"changed\": {\"fields\": [\"Song_cover/\"]}}]"
  }
},
{
  "model": "admin.logentry",
  "pk": 7,
  "fields": {
    "action_time": "2024-10-18T17:06:59.869Z",
    "user": 1,
    "content_type": 11,
    "object_id": "2",
    "object_repr": "Album object (2)",
    "action_flag": 1,
    "change_message": "[{\"added\": {}}]"
  }
},
{
  "model": "admin.logentry",
  "pk": 8,
  "fields": {
    "action_time": "2024-10-18T17:09:03.287Z",
    "user": 1,
    "content_type": 7,
    "object_id": "1",
    "object_repr": "Start",
    "action_flag": 2,
    "change_message": "[{\"changed\": {\"fields\": [\"Songs_cover/\", \"Album\"]}}]"
  }
},
{
  "model": "admin.logentry",
  "pk": 9,
  "fields": {
    "action_time": "2024-10-18T17:09:18.528Z",
    "user": 1,
    "content_type": 7,
    "object_id": "2",
    "object_repr": "Mood",
    "action_flag": 2,
    "change_message": "[{\"changed\": {\"fields\": [\"Album\"]}}]"
  }
},
{
  "model": "admin.logentry",
  "pk": 10,
  "fields": {
    "action_time": "2024-10-18T17:09:38.274Z",
    "user": 1,
    "content_type": 11,
    "object_id": "1",
    "object_repr": "New_album",
    "action_flag": 3,
    "change_message": ""
  }
},
{
  "model": "admin.logentry",
  "pk": 11,
  "fields": {
    "action_time": "2024-10-18T17:12:29.169Z",
    "user": 1,
    "content_type": 7,
    "object_id": "3",
    "object_repr": "Fuji vibe",
    "action_flag": 1,
    "change_message": "[{\"added\": {}}]"
  }
},
{
  "model": "admin.logentry",
  "pk": 12,
  "fields": {
    "action_time": "2024-10-18T17:15:23.231Z",
    "user": 1,
    "content_type": 7,
    "object_id": "4",
    "object_repr": "Skating",
    "action_flag": 1,
    "change_message": "[{\"added\": {}}]"
  }
},
{
  "model": "admin.logentry",
  "pk": 13,
  "fields": {
    "action_time": "2024-10-18T19:03:54.356Z",
    "user": 1,
    "content_type": 7,
    "object_id": "5",
    "object_repr": "Worldwide",
    "action_flag": 1,
    "change_message": "[{\"added\": {}}]"
  }
},
{
  "model": "admin.logentry",
  "pk": 14,
  "fields": {
    "action_time": "2024-10-18T19:11:00.656Z",
    "user": 1,
    "content_type": 7,
    "object_id": "6",
    "object_repr": "MMS",
    "action_flag": 1,
    "change_message": "[{\"added\": {}}]"
  }
},
{
  "model": "admin.logentry",
  "pk": 15,
  "fields": {
    "action_time": "2024-10-30T21:57:57.823Z",
    "user": 1,
    "content_type": 10,
    "object_id": "1",
    "object_repr": "Fuji vibe",
    "action_flag": 1,
    "change_message": "[{\"added\": {}}]"
  }
},
{
  "model": "admin.logentry",
  "pk": 16,
  "fields": {
    "action_time": "2024-10-30T21:59:00.560Z",
    "user": 1,
    "content_type": 4,
    "object_id": "2",
    "object_repr": "dhee",
    "action_flag": 1,
    "change_message": "[{\"added\": {}}]"
  }
},
{
  "model": "admin.logentry",
  "pk": 17,
  "fields": {
    "action_time": "2024-10-30T21:59:31.501Z",
    "user": 1,
    "content_type": 4,
    "object_id": "2",
    "object_repr": "dhee",
    "action_flag": 2,
    "change_message": "[{\"changed\": {\"fields\": [\"First name\", \"Last name\", \"Email address\"]}}]"
  }
},
{
  "model": "admin.logentry",
  "pk": 18,
  "fields": {
    "action_time": "2024-10-30T21:59:44.140Z",
    "user": 1,
    "content_type": 10,
    "object_id": "2",
    "object_repr": "Fuji vibe",
    "action_flag": 1,
    "change_message": "[{\"added\": {}}]"
  }
},
{
  "model": "admin.logentry",
  "pk": 19,
  "fields": {
    "action_time": "2024-10-30T22:00:51.010Z",
    "user": 1,
    "content_type": 9,
    "object_id": "1",
    "object_repr": "workout mix",
    "action_flag": 1,
    "change_message": "[{\"added\": {}}]"
  }
},
{
  "model": "admin.logentry",
  "pk": 20,
  "fields": {
    "action_time": "2024-10-30T22:01:21.634Z",
    "user": 1,
    "content_type": 7,
    "object_id": "1",
    "object_repr": "Start",
    "action_flag": 2,
    "change_message": "[{\"changed\": {\"fields\": [\"Playlist\"]}}]"
  }
},
{
  "model": "admin.logentry",
  "pk": 21,
  "fields": {
    "action_time": "2024-10-30T22:01:38.644Z",
    "user": 1,
    "content_type": 7,
    "object_id": "2",
    "object_repr": "Mood",
    "action_flag": 2,
    "change_message": "[{\"changed\": {\"fields\": [\"Playlist\"]}}]"
  }
},
{
  "model": "admin.logentry",
  "pk": 22,
  "fields": {
    "action_time": "2024-10-30T22:35:41.712Z",
    "user": 1,
    "content_type": 11,
    "object_id": "3",
    "object_repr": "Loseyi Proffesor",
    "action_flag": 1,
    "change_message": "[{\"added\": {}}]"
  }
},
{
  "model": "admin.logentry",
  "pk": 23,
  "fields": {
    "action_time": "2024-10-30T22:39:32.450Z",
    "user": 1,
    "content_type": 11,
    "object_id": "4",
    "object_repr": "Ikigai",
    "action_flag": 1,
    "change_message": "[{\"added\": {}}]"
  }
},
{
  "model": "admin.logentry",
  "pk": 24,
  "fields": {
    "action_time": "2024-10-30T22:42:06.872Z",
    "user": 1,
    "content_type": 7,
    "object_id": "7",
    "object_repr": "Uptown_Disco",
    "action_flag": 1,
    "change_message": "[{\"added\": {}}]"
  }
},
{
  "model": "admin.logentry",
  "pk": 25,
  "fields": {
    "action_time": "2024-10-30T22:43:57.728Z",
    "user": 1,
    "content_type": 7,
    "object_id": "8",
    "object_repr": "Hello_Habibi",
    "action_flag": 1,
    "change_message": "[{\"added\": {}}]"
  }
},
{
  "model": "admin.logentry",
  "pk": 26,
  "fields": {
    "action_time": "2024-10-30T22:45:30.015Z",
    "user": 1,
    "content_type": 7,
    "object_id": "9",
    "object_repr": "Metaverse",
    "action_flag": 1,
    "change_message": "[{\"added\": {}}]"
  }
},
{
  "model": "admin.logentry",
  "pk": 27,
  "fields": {
    "action_time": "2024-10-30T22:52:04.801Z",
    "user": 1,
    "content_type": 7,
    "object_id": "10",
    "object_repr": "Morowore",
    "action_flag": 1,
    "change_message": "[{\"added\": {}}]"
  }
},
{
  "model": "admin.logentry",
  "pk": 28,
  "fields": {
    "action_time": "2024-10-30T22:53:25.335Z",
    "user": 1,
    "content_type": 7,
    "object_id": "11",
    "object_repr": "Albert_Einstein",
    "action_flag": 1,
    "change_message": "[{\"added\": {}}]"
  }
},
{
  "model": "admin.logentry",
  "pk": 29,
  "fields": {
    "action_time": "2024-10-30T22:54:27.976Z",
    "user": 1,
    "content_type": 7,
    "object_id": "12",
    "object_repr": "Lagos",
    "action_flag": 1,
    "change_message": "[{\"added\": {}}]"
  }
},
{
  "model": "admin.logentry",
  "pk": 30,
  "fields": {
    "action_time": "2024-10-30T22:55:55.339Z",
    "user": 1,
    "content_type": 7,
    "object_id": "13",
    "object_repr": "Manchester",
    "action_flag": 1,
    "change_message": "[{\"added\": {}}]"
  }
},
{
  "model": "admin.logentry",
  "pk": 31,
  "fields": {
    "action_time": "2024-10-30T22:56:36.123Z",
    "user": 1,
    "content_type": 8,
    "object_id": "1",
    "object_repr": "Lungu Boy",
    "action_flag": 1,
    "change_message": "[{\"added\": {}}]"
  }
},
{
  "model": "admin.logentry",
  "pk": 32,
  "fields": {
    "action_time": "2024-10-30T22:56:43.328Z",
    "user": 1,
    "content_type": 8,
    "object_id": "2",
    "object_repr": "Ikigai",
    "action_flag": 1,
    "change_message": "[{\"added\": {}}]"
  }
},
{
  "model": "admin.logentry",
  "pk": 33,
  "fields": {
    "action_time": "2024-10-30T22:56:50.580Z",
    "user": 1,
    "content_type": 8,
    "object_id": "3",
    "object_repr": "Loseyi Proffesor",
    "action_flag": 1,
    "change_message": "[{\"added\": {}}]"
  }
},
{
  "model": "admin.logentry",
  "pk": 34,
  "fields": {
    "action_time": "2024-10-30T23:17:02.402Z",
    "user": 1,
    "content_type": 8,
    "object_id": "4",
    "object_repr": "Lungu Boy",
    "action_flag": 1,
    "change_message": "[{\"added\": {}}]"
  }
},
{
  "model": "admin.logentry",
  "pk": 35,
  "fields": {
    "action_time": "2024-11-01T02:31:44.178Z",
    "user": 1,
    "content_type": 12,
    "object_id": "1",
    "object_repr": "Lungu Boy",
    "action_flag": 1,
    "change_message": "[{\"added\": {}}]"
  }
},
{
  "model": "admin.logentry",
  "pk": 36,
  "fields": {
    "action_time": "2024-11-01T02:32:10.967Z",
    "user": 1,
    "content_type": 12,
    "object_id": "2",
    "object_repr": "Lungu Boy",
    "action_flag": 1,
    "change_message": "[{\"added\": {}}]"
  }
},
{
  "model": "admin.logentry",
  "pk": 37,
  "fields": {
    "action_time": "2024-11-01T02:32:40.233Z",
    "user": 1,
    "content_type": 4,
    "object_id": "3",
    "object_repr": "vicky",
    "action_flag": 1,
    "change_message": "[{\"added\": {}}]"
  }
},
{
  "model": "admin.logentry",
  "pk": 38,
  "fields": {
    "action_time": "2024-11-01T02:33:12.262Z",
    "user": 1,
    "content_type": 4,
    "object_id": "3",
    "object_repr": "vicky",
    "action_flag": 2,
    "change_message": "[{\"changed\": {\"fields\": [\"First name\", \"Last name\", \"Email address\"]}}]"
  }
},
{
  "model": "admin.logentry",
  "pk": 39,
  "fields": {
    "action_time": "2024-11-01T02:33:35.337Z",
    "user": 1,
    "content_type": 12,
    "object_id": "3",
    "object_repr": "Lungu Boy",
    "action_flag": 1,
    "change_message": "[{\"added\": {}}]"
  }
},
{
  "model": "admin.logentry",
  "pk": 40,
  "fields": {
    "action_time": "2024-11-01T03:26:31.910Z",
    "user": 1,
    "content_type": 11,
    "object_id": "2",
    "object_repr": "Lungu Boy",
    "action_flag": 2,
    "change_message": "[{\"changed\": {\"fields\": [\"Album description\"]}}]"
  }
},
{
  "model": "admin.logentry",
  "pk": 41,
  "fields": {
    "action_time": "2024-12-03T10:40:27.660Z",
    "user": 1,
    "content_type": 10,
    "object_id": "3",
    "object_repr": "Lagos",
    "action_flag": 1,
    "change_message": "[{\"added\": {}}]"
  }
},
{
  "model": "admin.logentry",
  "pk": 42,
  "fields": {
    "action_time": "2024-12-03T10:40:38.849Z",
    "user": 1,
    "content_type": 10,
    "object_id": "4",
    "object_repr": "Hello_Habibi",
    "action_flag": 1,
    "change_message": "[{\"added\": {}}]"
  }
},
{
  "model": "admin.logentry",
  "pk": 43,
  "fields": {
    "action_time": "2024-12-03T10:40:47.912Z",
    "user": 1,
    "content_type": 10,
    "object_id": "5",
    "object_repr": "Skating",
    "action_flag": 1,
    "change_message": "[{\"added\": {}}]"
  }
},
{
  "model": "admin.logentry",
  "pk": 44,
  "fields": {
    "action_time": "2024-12-06T21:28:18.020Z",
    "user": 1,
    "content_type": 8,
    "object_id": "5",
    "object_repr": "Ikigai",
    "action_flag": 1,
    "change_message": "[{\"added\": {}}]"
  }
},
{
  "model": "admin.logentry",
  "pk": 45,
  "fields": {
    "action_time": "2024-12-06T21:28:25.481Z",
    "user": 1,
    "content_type": 8,
    "object_id": "6",
    "object_repr": "Ikigai",
    "action_flag": 1,
    "change_message": "[{\"added\": {}}]"
  }
},
{
  "model": "admin.logentry",
  "pk": 46,
  "fields": {
    "action_time": "2024-12-06T21:29:17.209Z",
    "user": 1,
    "content_type": 8,
    "object_id": "7",
    "object_repr": "Ikigai",
    "action_flag": 1,
    "change_message": "[{\"added\": {}}]"
  }
},
{
  "model": "admin.logentry",
  "pk": 47,
  "fields": {
    "action_time": "2024-12-06T21:31:01.206Z",
    "user": 1,
    "content_type": 8,
    "object_id": "3",
    "object_repr": "Loseyi Proffesor",
    "action_flag": 2,
    "change_message": "[]"
  }
},
{
  "model": "admin.logentry",
  "pk": 48,
  "fields": {
    "action_time": "2024-12-06T21:31:24.862Z",
    "user": 1,
    "content_type": 8,
    "object_id": "7",
    "object_repr": "Ikigai",
    "action_flag": 3,
    "change_message": ""
  }
},
{
  "model": "admin.logentry",
  "pk": 49,
  "fields": {
    "action_time": "2024-12-06T21:31:35.219Z",
    "user": 1,
    "content_type": 12,
    "object_id": "3",
    "object_repr": "Lungu Boy",
    "action_flag": 2,
    "change_message": "[]"
  }
},
{
  "model": "admin.logentry",
  "pk": 50,
  "fields": {
    "action_time": "2024-12-06T21:31:40.701Z",
    "user": 1,
    "content_type": 12,
    "object_id": "4",
    "object_repr": "Ikigai",
    "action_flag": 1,
    "change_message": "[{\"added\": {}}]"
  }
},
{
  "model": "admin.logentry",
  "pk": 51,
  "fields": {
    "action_time": "2024-12-06T21:31:48.188Z",
    "user": 1,
    "content_type": 12,
    "object_id": "5",
    "object_repr": "Ikigai",
    "action_flag": 1,
    "change_message": "[{\"added\": {}}]"
  }
},
{
  "model": "admin.logentry",
  "pk": 52,
  "fields": {
    "action_time": "2024-12-06T21:31:54.195Z",
    "user": 1,
    "content_type": 12,
    "object_id": "6",
    "object_repr": "Ikigai",
    "action_flag": 1,
    "change_message": "[{\"added\": {}}]"
  }
},
{
  "model": "admin.logentry",
  "pk": 53,
  "fields": {
    "action_time": "2024-12-23T11:10:06.820Z",
    "user": 1,
    "content_type": 7,
    "object_id": "7",
    "object_repr": "Uptown_Disco",
    "action_flag": 2,
    "change_message": "[{\"changed\": {\"fields\": [\"Songs_cover/\"]}}]"
  }
},
{
  "model": "admin.logentry",
  "pk": 54,
  "fields": {
    "action_time": "2024-12-23T11:11:20.349Z",
    "user": 1,
    "content_type": 7,
    "object_id": "10",
    "object_repr": "Morowore",
    "action_flag": 2,
    "change_message": "[{\"changed\": {\"fields\": [\"Songs_cover/\"]}}]"
  }
},
{
  "model": "admin.logentry",
  "pk": 55,
  "fields": {
    "action_time": "2024-12-23T11:11:50.934Z",
    "user": 1,
    "content_type": 7,
    "object_id": "9",
    "object_repr": "Metaverse",
    "action_flag": 2,
    "change_message": "[{\"changed\": {\"fields\": [\"Songs_cover/\"]}}]"
  }
},
{
  "model": "admin.logentry",
  "pk": 56,
  "fields": {
    "action_time": "2024-12-23T11:12:09.828Z",
    "user": 1,
    "content_type": 7,
    "object_id": "8",
    "object_repr": "Hello_Habibi",
    "action_flag": 2,
    "change_message": "[{\"changed\": {\"fields\": [\"Songs_cover/\"]}}]"
  }
},
{
  "model": "admin.logentry",
  "pk": 57,
  "fields": {
    "action_time": "2024-12-25T07:32:43.493Z",
    "user": 1,
    "content_type": 7,
    "object_id": "14",
    "object_repr": "Suru",
    "action_flag": 1,
    "change_message": "[{\"added\": {}}]"
  }
},
{
  "model": "admin.logentry",
  "pk": 58,
  "fields": {
    "action_time": "2024-12-25T10:26:35.609Z",
    "user": 1,
    "content_type": 7,
    "object_id": "15",
    "object_repr": "wave",
    "action_flag": 1,
    "change_message": "[{\"added\": {}}]"
  }
},
{
  "model": "admin.logentry",
  "pk": 59,
  "fields": {
    "action_time": "2024-12-25T17:38:28.895Z",
    "user": 1,
    "content_type": 7,
    "object_id": "15",
    "object_repr": "wave",
    "action_flag": 3,
    "change_message": ""
  }
},
{
  "model": "admin.logentry",
  "pk": 60,
  "fields": {
    "action_time": "2024-12-25T17:46:45.738Z",
    "user": 1,
    "content_type": 7,
    "object_id": "16",
    "object_repr": "wave",
    "action_flag": 1,
    "change_message": "[{\"added\": {}}]"
  }
},
{
  "model": "admin.logentry",
  "pk": 61,
  "fields": {
    "action_time": "2024-12-26T03:39:50.719Z",
    "user": 1,
    "content_type": 7,
    "object_id": "1",
    "object_repr": "Start",
    "action_flag": 2,
    "change_message": "[{\"changed\": {\"fields\": [\"Release date\"]}}]"
  }
},
{
  "model": "admin.logentry",
  "pk": 62,
  "fields": {
    "action_time": "2024-12-26T03:40:47.258Z",
    "user": 1,
    "content_type": 7,
    "object_id": "1",
    "object_repr": "Start",
    "action_flag": 2,
    "change_message": "[{\"changed\": {\"fields\": [\"Cover image\"]}}]"
  }
},
{
  "model": "auth.permission",
  "pk": 1,
  "fields": {
    "name": "Can add log entry",
    "content_type": 1,
    "codename": "add_logentry"
  }
},
{
  "model": "auth.permission",
  "pk": 2,
  "fields": {
    "name": "Can change log entry",
    "content_type": 1,
    "codename": "change_logentry"
  }
},
{
  "model": "auth.permission",
  "pk": 3,
  "fields": {
    "name": "Can delete log entry",
    "content_type": 1,
    "codename": "delete_logentry"
  }
},
{
  "model": "auth.permission",
  "pk": 4,
  "fields": {
    "name": "Can view log entry",
    "content_type": 1,
    "codename": "view_logentry"
  }
},
{
  "model": "auth.permission",
  "pk": 5,
  "fields": {
    "name": "Can add permission",
    "content_type": 2,
    "codename": "add_permission"
  }
},
{
  "model": "auth.permission",
  "pk": 6,
  "fields": {
    "name": "Can change permission",
    "content_type": 2,
    "codename": "change_permission"
  }
},
{
  "model": "auth.permission",
  "pk": 7,
  "fields": {
    "name": "Can delete permission",
    "content_type": 2,
    "codename": "delete_permission"
  }
},
{
  "model": "auth.permission",
  "pk": 8,
  "fields": {
    "name": "Can view permission",
    "content_type": 2,
    "codename": "view_permission"
  }
},
{
  "model": "auth.permission",
  "pk": 9,
  "fields": {
    "name": "Can add group",
    "content_type": 3,
    "codename": "add_group"
  }
},
{
  "model": "auth.permission",
  "pk": 10,
  "fields": {
    "name": "Can change group",
    "content_type": 3,
    "codename": "change_group"
  }
},
{
  "model": "auth.permission",
  "pk": 11,
  "fields": {
    "name": "Can delete group",
    "content_type": 3,
    "codename": "delete_group"
  }
},
{
  "model": "auth.permission",
  "pk": 12,
  "fields": {
    "name": "Can view group",
    "content_type": 3,
    "codename": "view_group"
  }
},
{
  "model": "auth.permission",
  "pk": 13,
  "fields": {
    "name": "Can add user",
    "content_type": 4,
    "codename": "add_user"
  }
},
{
  "model": "auth.permission",
  "pk": 14,
  "fields": {
    "name": "Can change user",
    "content_type": 4,
    "codename": "change_user"
  }
},
{
  "model": "auth.permission",
  "pk": 15,
  "fields": {
    "name": "Can delete user",
    "content_type": 4,
    "codename": "delete_user"
  }
},
{
  "model": "auth.permission",
  "pk": 16,
  "fields": {
    "name": "Can view user",
    "content_type": 4,
    "codename": "view_user"
  }
},
{
  "model": "auth.permission",
  "pk": 17,
  "fields": {
    "name": "Can add content type",
    "content_type": 5,
    "codename": "add_contenttype"
  }
},
{
  "model": "auth.permission",
  "pk": 18,
  "fields": {
    "name": "Can change content type",
    "content_type": 5,
    "codename": "change_contenttype"
  }
},
{
  "model": "auth.permission",
  "pk": 19,
  "fields": {
    "name": "Can delete content type",
    "content_type": 5,
    "codename": "delete_contenttype"
  }
},
{
  "model": "auth.permission",
  "pk": 20,
  "fields": {
    "name": "Can view content type",
    "content_type": 5,
    "codename": "view_contenttype"
  }
},
{
  "model": "auth.permission",
  "pk": 21,
  "fields": {
    "name": "Can add session",
    "content_type": 6,
    "codename": "add_session"
  }
},
{
  "model": "auth.permission",
  "pk": 22,
  "fields": {
    "name": "Can change session",
    "content_type": 6,
    "codename": "change_session"
  }
},
{
  "model": "auth.permission",
  "pk": 23,
  "fields": {
    "name": "Can delete session",
    "content_type": 6,
    "codename": "delete_session"
  }
},
{
  "model": "auth.permission",
  "pk": 24,
  "fields": {
    "name": "Can view session",
    "content_type": 6,
    "codename": "view_session"
  }
},
{
  "model": "auth.permission",
  "pk": 25,
  "fields": {
    "name": "Can add song",
    "content_type": 7,
    "codename": "add_song"
  }
},
{
  "model": "auth.permission",
  "pk": 26,
  "fields": {
    "name": "Can change song",
    "content_type": 7,
    "codename": "change_song"
  }
},
{
  "model": "auth.permission",
  "pk": 27,
  "fields": {
    "name": "Can delete song",
    "content_type": 7,
    "codename": "delete_song"
  }
},
{
  "model": "auth.permission",
  "pk": 28,
  "fields": {
    "name": "Can view song",
    "content_type": 7,
    "codename": "view_song"
  }
},
{
  "model": "auth.permission",
  "pk": 29,
  "fields": {
    "name": "Can add collection",
    "content_type": 8,
    "codename": "add_collection"
  }
},
{
  "model": "auth.permission",
  "pk": 30,
  "fields": {
    "name": "Can change collection",
    "content_type": 8,
    "codename": "change_collection"
  }
},
{
  "model": "auth.permission",
  "pk": 31,
  "fields": {
    "name": "Can delete collection",
    "content_type": 8,
    "codename": "delete_collection"
  }
},
{
  "model": "auth.permission",
  "pk": 32,
  "fields": {
    "name": "Can view collection",
    "content_type": 8,
    "codename": "view_collection"
  }
},
{
  "model": "auth.permission",
  "pk": 33,
  "fields": {
    "name": "Can add playlist",
    "content_type": 9,
    "codename": "add_playlist"
  }
},
{
  "model": "auth.permission",
  "pk": 34,
  "fields": {
    "name": "Can change playlist",
    "content_type": 9,
    "codename": "change_playlist"
  }
},
{
  "model": "auth.permission",
  "pk": 35,
  "fields": {
    "name": "Can delete playlist",
    "content_type": 9,
    "codename": "delete_playlist"
  }
},
{
  "model": "auth.permission",
  "pk": 36,
  "fields": {
    "name": "Can view playlist",
    "content_type": 9,
    "codename": "view_playlist"
  }
},
{
  "model": "auth.permission",
  "pk": 37,
  "fields": {
    "name": "Can add like",
    "content_type": 10,
    "codename": "add_like"
  }
},
{
  "model": "auth.permission",
  "pk": 38,
  "fields": {
    "name": "Can change like",
    "content_type": 10,
    "codename": "change_like"
  }
},
{
  "model": "auth.permission",
  "pk": 39,
  "fields": {
    "name": "Can delete like",
    "content_type": 10,
    "codename": "delete_like"
  }
},
{
  "model": "auth.permission",
  "pk": 40,
  "fields": {
    "name": "Can view like",
    "content_type": 10,
    "codename": "view_like"
  }
},
{
  "model": "auth.permission",
  "pk": 41,
  "fields": {
    "name": "Can add album",
    "content_type": 11,
    "codename": "add_album"
  }
},
{
  "model": "auth.permission",
  "pk": 42,
  "fields": {
    "name": "Can change album",
    "content_type": 11,
    "codename": "change_album"
  }
},
{
  "model": "auth.permission",
  "pk": 43,
  "fields": {
    "name": "Can delete album",
    "content_type": 11,
    "codename": "delete_album"
  }
},
{
  "model": "auth.permission",
  "pk": 44,
  "fields": {
    "name": "Can view album",
    "content_type": 11,
    "codename": "view_album"
  }
},
{
  "model": "auth.permission",
  "pk": 45,
  "fields": {
    "name": "Can add song like",
    "content_type": 10,
    "codename": "add_songlike"
  }
},
{
  "model": "auth.permission",
  "pk": 46,
  "fields": {
    "name": "Can change song like",
    "content_type": 10,
    "codename": "change_songlike"
  }
},
{
  "model": "auth.permission",
  "pk": 47,
  "fields": {
    "name": "Can delete song like",
    "content_type": 10,
    "codename": "delete_songlike"
  }
},
{
  "model": "auth.permission",
  "pk": 48,
  "fields": {
    "name": "Can view song like",
    "content_type": 10,
    "codename": "view_songlike"
  }
},
{
  "model": "auth.permission",
  "pk": 49,
  "fields": {
    "name": "Can add album like",
    "content_type": 12,
    "codename": "add_albumlike"
  }
},
{
  "model": "auth.permission",
  "pk": 50,
  "fields": {
    "name": "Can change album like",
    "content_type": 12,
    "codename": "change_albumlike"
  }
},
{
  "model": "auth.permission",
  "pk": 51,
  "fields": {
    "name": "Can delete album like",
    "content_type": 12,
    "codename": "delete_albumlike"
  }
},
{
  "model": "auth.permission",
  "pk": 52,
  "fields": {
    "name": "Can view album like",
    "content_type": 12,
    "codename": "view_albumlike"
  }
},
{
  "model": "auth.user",
  "pk": 1,
  "fields": {
    "password": "pbkdf2_sha256$720000$mdqPh5Pmph8nT3PuWwE1tZ$kpo0qFu+8c1qIVOSxMDobrEwH3knsh05C7AD6DltdbI=",
    "last_login": "2024-12-26T04:41:06.052Z",
    "is_superuser": true,
    "username": "Yusuff",
    "first_name": "",
    "last_name": "",
    "email": "hakeemyusuff19@gmail.com",
    "is_staff": true,
    "is_active": true,
    "date_joined": "2024-09-28T09:13:56.857Z",
    "groups": [],
    "user_permissions": []
  }
},
{
  "model": "auth.user",
  "pk": 2,
  "fields": {
    "password": "pbkdf2_sha256$720000$XyPyWM2Sqd3f5BLtOMRowy$IiGi3NywwZMavfAXUMpUhDIyt+1hnyQWb5lwBMPnxqI=",
    "last_login": "2024-12-25",
    "is_superuser": false,
    "username": "dhee",
    "first_name": "Uthman",
    "last_name": "Suarau",
    "email": "suarauuthman@gmail.com",
    "is_staff": false,
    "is_active": true,
    "date_joined": "2024-10-30T21:59:00Z",
    "groups": [],
    "user_permissions": []
  }
},
{
  "model": "auth.user",
  "pk": 3,
  "fields": {
    "password": "pbkdf2_sha256$720000$IcgS9xySDeAGf1A0VeZsbO$/HNshf+4J3CuPRs7eyjclLkZKm4hJZJ+mUL0meCA6E8=",
    "last_login": "2024-12-25",
    "is_superuser": false,
    "username": "vicky",
    "first_name": "Victor",
    "last_name": "Roommate",
    "email": "roomate@victor.com",
    "is_staff": false,
    "is_active": true,
    "date_joined": "2024-11-01T02:32:39Z",
    "groups": [],
    "user_permissions": []
  }
},
{
  "model": "auth.user",
  "pk": 4,
  "fields": {
    "password": "pbkdf2_sha256$720000$xmtznSGU8x45MZGpq4yD1s$F9c2cjsAAMPLDEBI7I/eRiB3KqVqrnhl7uM+ilywKEY=",
    "last_login": "2024-12-26T04:28:48.857Z",
    "is_superuser": false,
    "username": "Feyin",
    "first_name": "Marvellous",
    "last_name": "Iyun",
    "email": "hakeemyusuff21@gmail.com",
    "is_staff": false,
    "is_active": true,
    "date_joined": "2024-12-22T22:59:55.801Z",
    "groups": [],
    "user_permissions": []
  }
},
{
  "model": "auth.user",
  "pk": 5,
  "fields": {
    "password": "pbkdf2_sha256$720000$SzSKiGmg49w0vsADbuK1Yg$dL9ZM2uUeR6L//2Wp7sCz16boRXwsujxOza3T3doCK0=",
    "last_login": "2024-12-25",
    "is_superuser": false,
    "username": "Mcash",
    "first_name": "Muheez",
    "last_name": "Oyelakin",
    "email": "yabdulhakeem276@stu.ui.edu.ng",
    "is_staff": false,
    "is_active": true,
    "date_joined": "2024-12-22T23:39:44.647Z",
    "groups": [],
    "user_permissions": []
  }
},
{
  "model": "auth.user",
  "pk": 6,
  "fields": {
    "password": "pbkdf2_sha256$720000$x2QBeXFJYdOOdaBYSJnsZw$y99Af/aHyLS7fY8aaJN1f8jEi8qwwPpp8XMUbbsMFJo=",
    "last_login": "2024-12-22T23:41:53.944Z",
    "is_superuser": false,
    "username": "Akanji",
    "first_name": "Muheez",
    "last_name": "Oyelakin",
    "email": "yabdulhakeem276@stu.ui.edu.ng",
    "is_staff": false,
    "is_active": true,
    "date_joined": "2024-12-22T23:41:30.445Z",
    "groups": [],
    "user_permissions": []
  }
},
{
  "model": "contenttypes.contenttype",
  "pk": 1,
  "fields": {
    "app_label": "admin",
    "model": "logentry"
  }
},
{
  "model": "contenttypes.contenttype",
  "pk": 2,
  "fields": {
    "app_label": "auth",
    "model": "permission"
  }
},
{
  "model": "contenttypes.contenttype",
  "pk": 3,
  "fields": {
    "app_label": "auth",
    "model": "group"
  }
},
{
  "model": "contenttypes.contenttype",
  "pk": 4,
  "fields": {
    "app_label": "auth",
    "model": "user"
  }
},
{
  "model": "contenttypes.contenttype",
  "pk": 5,
  "fields": {
    "app_label": "contenttypes",
    "model": "contenttype"
  }
},
{
  "model": "contenttypes.contenttype",
  "pk": 6,
  "fields": {
    "app_label": "sessions",
    "model": "session"
  }
},
{
  "model": "contenttypes.contenttype",
  "pk": 7,
  "fields": {
    "app_label": "music",
    "model": "song"
  }
},
{
  "model": "contenttypes.contenttype",
  "pk": 8,
  "fields": {
    "app_label": "music",
    "model": "collection"
  }
},
{
  "model": "contenttypes.contenttype",
  "pk": 9,
  "fields": {
    "app_label": "music",
    "model": "playlist"
  }
},
{
  "model": "contenttypes.contenttype",
  "pk": 10,
  "fields": {
    "app_label": "music",
    "model": "songlike"
  }
},
{
  "model": "contenttypes.contenttype",
  "pk": 11,
  "fields": {
    "app_label": "music",
    "model": "album"
  }
},
{
  "model": "contenttypes.contenttype",
  "pk": 12,
  "fields": {
    "app_label": "music",
    "model": "albumlike"
  }
},
{
  "model": "sessions.session",
  "pk": "1b9c3egn6gx3byyanb7ksp7b53qvlhhf",
  "fields": {
    "session_data": ".eJxVjMsOwiAQAP-FsyHQUh4evfcbml12kaqBpLQn478bkh70OjOZt1jg2PNyNN6WlcRVaHH5ZQjxyaULekC5Vxlr2bcVZU_kaZucK_HrdrZ_gwwt9y0kzcZPNmBIykUaMBibIkaNiiwNZiT2QIygkg4TeoekAdGP0QbH4vMFB-I5Ig:1swoae:1-pYYoUvc5HLtlnVWWBIB8b8jHmiLIYlNGw-NspLKcw",
    "expire_date": "2024-10-18T20:07:52.306Z"
  }
},
{
  "model": "sessions.session",
  "pk": "dmrogmetb4s0udem4mmz0ji3gik4k47e",
  "fields": {
    "session_data": ".eJxVjMsOwiAQAP-FsyHQUh4evfcbml12kaqBpLQn478bkh70OjOZt1jg2PNyNN6WlcRVaHH5ZQjxyaULekC5Vxlr2bcVZU_kaZucK_HrdrZ_gwwt9y0kzcZPNmBIykUaMBibIkaNiiwNZiT2QIygkg4TeoekAdGP0QbH4vMFB-I5Ig:1t6Gau:BV-vB0f1at0TKAXJmAsKA8xKqG6IhIqJiTCj9aa5ciU",
    "expire_date": "2024-11-13T21:51:12.268Z"
  }
},
{
  "model": "sessions.session",
  "pk": "fe0k3wcmusbvgrq05ppsrt924x8xkgal",
  "fields": {
    "session_data": ".eJxVjMsOwiAQAP-FsyHQUh4evfcbml12kaqBpLQn478bkh70OjOZt1jg2PNyNN6WlcRVaHH5ZQjxyaULekC5Vxlr2bcVZU_kaZucK_HrdrZ_gwwt9y0kzcZPNmBIykUaMBibIkaNiiwNZiT2QIygkg4TeoekAdGP0QbH4vMFB-I5Ig:1tIi9S:c9O82P_y_KI5DOChNbqsHGPOXXGGRn8_4K2GPpW4fYg",
    "expire_date": "2024-12-18T05:42:18.689Z"
  }
},
{
  "model": "sessions.session",
  "pk": "r64zaqivswpve870iut195i9q055oo5b",
  "fields": {
    "session_data": ".eJxVjMsOwiAQAP-FsyHQUh4evfcbml12kaqBpLQn478bkh70OjOZt1jg2PNyNN6WlcRVaHH5ZQjxyaULekC5Vxlr2bcVZU_kaZucK_HrdrZ_gwwt9y0kzcZPNmBIykUaMBibIkaNiiwNZiT2QIygkg4TeoekAdGP0QbH4vMFB-I5Ig:1t10ip:-8XnLqeL0NKJCjDfiZRqPaCXyv86EFlB_Plod0htZo4",
    "expire_date": "2024-10-30T09:53:39.097Z"
  }
},
{
  "model": "sessions.session",
  "pk": "uqv66mfdrm5n70pxlyyw41nojkgd92q3",
  "fields": {
    "session_data": ".eJxVjMsOwiAQAP-FsyHQUh4evfcbml12kaqBpLQn478bkh70OjOZt1jg2PNyNN6WlcRVaHH5ZQjxyaULekC5Vxlr2bcVZU_kaZucK_HrdrZ_gwwt9y0kzcZPNmBIykUaMBibIkaNiiwNZiT2QIygkg4TeoekAdGP0QbH4vMFB-I5Ig:1suTha:Lv2BnR1z1fSuIg7OZasDxdzhIseacCfeKnrAAj9jEDI",
    "expire_date": "2024-10-12T09:25:22.045Z"
  }
},
{
  "model": "sessions.session",
  "pk": "vomaloh7j6iig4pc2wqngqf51ba4vv9q",
  "fields": {
    "session_data": ".eJxVjMEOwiAQRP-FsyHQbaF49N5vILuwSNXQpLQn479Lkx70Npn3Zt7C475lv1de_RzFVWhx-e0Iw5PLAeIDy32RYSnbOpM8FHnSKqcl8ut2un8HGWtua0NdDDRatMFA3_LgbAjkQDEPmjscG3MKtQYGmxI0UyVjTc9ICZT4fAHz6Dgz:1tQLkL:9ikqVfbR2mSCk-iq9XisKIaGoRjkMHk1c_qjP_m9f6A",
    "expire_date": "2025-01-08T07:23:57.744Z"
  }
}
]
